change,changePercent,close,date,high,low,open,volume,volumeChange,vwap
-0.05,-0.503,9.9,2020-04-27 00:00:00,9.95,9.86,9.95,176100.0,0.8568176274493862,9.90333
-0.028,-0.282,9.9,2020-04-28 00:00:00,9.96,9.81,9.928,1229900.0,-132.68478260869566,9.89
0.0,0.0,9.9,2020-04-29 00:00:00,9.97,9.9,9.9,9200.0,0.8891566265060241,9.92333
-0.05,-0.505,9.85,2020-04-30 00:00:00,9.9,9.85,9.9,83000.0,0.6756545525595936,9.86667
-0.05,-0.505,9.85,2020-05-01 00:00:00,9.9,9.83,9.9,255900.0,-0.19859484777517564,9.86
-0.04,-0.405,9.84,2020-05-04 00:00:00,9.88,9.83,9.88,213500.0,0.7296441686716475,9.85
-0.038,-0.385,9.842,2020-05-05 00:00:00,9.88,9.842,9.88,789700.0,-492.5625,9.85467
-0.183,-1.823,9.857,2020-05-06 00:00:00,10.04,9.857,10.04,1600.0,0.9897828863346104,9.918
-0.01,-0.101,9.86,2020-05-07 00:00:00,9.87,9.84,9.87,156600.0,0.5520594965675057,9.85667
0.15,1.523,10.0,2020-05-08 00:00:00,10.0,9.85,9.85,349600.0,0.5154539154539155,9.95
-0.15,-1.485,9.95,2020-05-11 00:00:00,10.1,9.95,10.1,721500.0,-5.517615176151762,10.0
-0.54,-5.099,10.05,2020-05-12 00:00:00,10.59,9.97,10.59,110700.0,0.5538089480048367,10.20333
-0.25,-2.404,10.15,2020-05-13 00:00:00,10.4,10.07,10.4,248100.0,0.18307540335857755,10.20667
-0.515,-4.822,10.165,2020-05-14 00:00:00,10.68,10.14,10.68,303700.0,-0.5776623376623377,10.32833
-0.053,-0.518,10.187,2020-05-15 00:00:00,10.25,10.18,10.24,192500.0,0.8285841495992876,10.20567
0.03,0.295,10.2,2020-05-18 00:00:00,10.33,10.145,10.17,1123000.0,-5.598119858989424,10.225
-0.02,-0.196,10.2,2020-05-19 00:00:00,10.25,10.0,10.22,170200.0,0.1464393179538616,10.15
0.03,0.294,10.25,2020-05-20 00:00:00,10.29,10.08,10.22,199400.0,0.3013314646110722,10.20667
0.0,0.0,10.25,2020-05-21 00:00:00,10.4,10.21,10.25,285400.0,-7.2485549132947975,10.28667
0.01,0.098,10.26,2020-05-22 00:00:00,10.29,10.2,10.25,34600.0,0.4948905109489051,10.25
-0.075,-0.73,10.195,2020-05-26 00:00:00,10.27,10.18,10.27,68500.0,-0.21453900709219859,10.215
0.08,0.79,10.21,2020-05-27 00:00:00,10.21,10.06,10.13,56400.0,0.16936671575846834,10.16
0.02,0.196,10.2,2020-05-28 00:00:00,10.3,10.15,10.18,67900.0,0.7788993813090198,10.21667
0.1,0.985,10.25,2020-05-29 00:00:00,10.49,10.15,10.15,307100.0,-2.7,10.29667
-0.12,-1.157,10.25,2020-06-01 00:00:00,10.37,10.15,10.37,83000.0,0.1814595660749507,10.25667
0.05,0.49,10.25,2020-06-02 00:00:00,10.27,10.195,10.2,101400.0,-0.43626062322946174,10.23833
-0.02,-0.195,10.25,2020-06-03 00:00:00,10.3,10.21,10.27,70600.0,0.02620689655172414,10.25333
-0.04,-0.389,10.25,2020-06-04 00:00:00,10.3,10.22,10.29,72500.0,0.7662798194713089,10.25667
-0.08,-0.774,10.25,2020-06-05 00:00:00,10.43,10.05,10.33,310200.0,0.1978277734678045,10.24333
0.0,0.0,10.24,2020-06-08 00:00:00,10.45,10.06,10.24,386700.0,0.6344990548204159,10.25
-0.11,-1.058,10.29,2020-06-09 00:00:00,10.42,10.17,10.4,1058000.0,0.007318446237568024,10.29333
-0.03,-0.285,10.5,2020-06-10 00:00:00,10.9,10.11,10.53,1065800.0,-1.6832829808660625,10.50333
-0.1,-0.952,10.4,2020-06-11 00:00:00,10.583,10.3,10.5,397200.0,-4.296,10.42767
-0.12,-1.135,10.45,2020-06-12 00:00:00,10.594,10.3,10.57,75000.0,-0.051893408134642355,10.448
-0.01,-0.095,10.5,2020-06-15 00:00:00,10.6,10.38,10.51,71300.0,0.8465016146393972,10.49333
-0.1,-0.944,10.49,2020-06-16 00:00:00,10.59,10.3,10.59,464500.0,-0.24397429030530263,10.46
-0.03,-0.283,10.56,2020-06-17 00:00:00,10.61,10.4,10.59,373400.0,-0.4021779947427713,10.52333
-0.09,-0.849,10.51,2020-06-18 00:00:00,10.72,10.48,10.6,266300.0,0.5354152128401954,10.57
-0.02,-0.19,10.53,2020-06-19 00:00:00,10.6,10.433,10.55,573200.0,0.10395497889635767,10.521
-0.22,-2.058,10.47,2020-06-22 00:00:00,10.69,10.4,10.69,639700.0,-0.7779321845469706,10.52
0.02,0.19,10.57,2020-06-23 00:00:00,10.6,10.35,10.55,359800.0,0.1005,10.50667
-0.07,-0.662,10.5,2020-06-24 00:00:00,10.6,10.37,10.57,400000.0,0.2854590925330475,10.49
0.25,2.381,10.75,2020-06-25 00:00:00,10.85,10.44,10.5,559800.0,0.062311557788944726,10.68
-0.08,-0.746,10.65,2020-06-26 00:00:00,10.86,10.5,10.73,597000.0,0.05298223350253807,10.67
-0.02,-0.186,10.76,2020-06-29 00:00:00,10.84,10.625,10.78,630400.0,-0.21839969076149982,10.74167
0.18,1.667,10.98,2020-06-30 00:00:00,10.982,10.75,10.8,517400.0,-0.14342541436464087,10.904
-0.04,-0.364,10.96,2020-07-01 00:00:00,11.25,10.93,11.0,452500.0,-0.5783048482734566,11.04667
-0.06,-0.547,10.9,2020-07-02 00:00:00,11.0,10.872,10.96,286700.0,0.8879815581776979,10.924
0.26,2.364,11.26,2020-07-06 00:00:00,11.36,11.0,11.0,2559400.0,-3.693563176233266,11.20667
-0.35,-3.043,11.15,2020-07-07 00:00:00,11.6,10.92,11.5,545300.0,-0.4619302949061662,11.22333
0.03,0.269,11.18,2020-07-08 00:00:00,11.32,11.02,11.15,373000.0,-0.2739071038251366,11.17333
-0.16,-1.406,11.22,2020-07-09 00:00:00,11.39,10.95,11.38,292800.0,-1.4379683597002497,11.18667
-0.03,-0.267,11.21,2020-07-10 00:00:00,11.24,11.03,11.24,120100.0,0.7697910676634081,11.16
-0.68,-5.792,11.06,2020-07-13 00:00:00,11.74,10.57,11.74,521700.0,-3.117600631412786,11.12333
0.23,2.136,11.0,2020-07-14 00:00:00,11.24,10.77,10.77,126700.0,0.15981432360742706,11.00333
0.06,0.549,10.99,2020-07-15 00:00:00,11.13,10.81,10.93,150800.0,0.9809352836319043,10.97667
0.24,2.005,12.21,2020-07-16 00:00:00,12.44,11.01,11.97,7909900.0,-1.5366878327240074,11.88667
0.1,0.82,12.3,2020-07-17 00:00:00,12.85,11.86,12.2,3118200.0,-2.194549738756275,12.33667
-0.76,-6.139,11.62,2020-07-20 00:00:00,12.55,11.23,12.38,976100.0,0.2323843976093111,11.8
0.6,5.172,12.2,2020-07-21 00:00:00,12.33,11.48,11.6,1271600.0,-1.389776357827476,12.00333
0.13,1.078,12.19,2020-07-22 00:00:00,12.3,11.8,12.06,532100.0,-0.1294841859477818,12.09667
-0.36,-2.973,11.75,2020-07-23 00:00:00,12.3,11.65,12.11,471100.0,0.02886002886002886,11.9
0.08,0.689,11.69,2020-07-24 00:00:00,12.15,11.44,11.61,485100.0,-0.6078886310904872,11.76
-0.33,-2.804,11.44,2020-07-27 00:00:00,11.78,11.27,11.77,301700.0,-0.20103503184713375,11.49667
-0.12,-1.043,11.38,2020-07-28 00:00:00,11.53,11.31,11.5,251200.0,0.2557037037037037,11.40667
-0.15,-1.316,11.25,2020-07-29 00:00:00,11.5,11.17,11.4,337500.0,0.266304347826087,11.30667
-0.24,-2.149,10.93,2020-07-30 00:00:00,11.34,10.9,11.17,460000.0,0.48695070265447243,11.05667
-0.4,-3.64,10.59,2020-07-31 00:00:00,11.14,10.48,10.99,896600.0,-0.12454534052426941,10.73667
-0.13,-1.221,10.52,2020-08-03 00:00:00,10.7,10.26,10.65,797300.0,-0.6870503597122302,10.49333
-0.02,-0.187,10.65,2020-08-04 00:00:00,10.85,10.52,10.67,472600.0,0.5448767334360555,10.67333
-0.17,-1.57,10.66,2020-08-05 00:00:00,10.83,10.48,10.83,1038400.0,-5.158956109134045,10.65667
-0.01,-0.093,10.79,2020-08-06 00:00:00,10.8,10.55,10.8,168600.0,0.7252281616688396,10.71333
-0.25,-2.304,10.6,2020-08-07 00:00:00,10.85,10.5,10.85,613600.0,-2.9107711918419374,10.65
0.14,1.321,10.74,2020-08-10 00:00:00,10.75,10.51,10.6,156900.0,0.5167847243609486,10.66667
0.1,0.943,10.71,2020-08-11 00:00:00,10.74,10.57,10.61,324700.0,0.7092065197922264,10.67333
0.25,2.347,10.9,2020-08-12 00:00:00,11.1,10.65,10.65,1116600.0,-2.38261132990003,10.88333
0.05,0.457,10.99,2020-08-13 00:00:00,11.09,10.9,10.94,330100.0,-1.6219221604447975,10.99333
-0.18,-1.629,10.87,2020-08-14 00:00:00,11.15,10.79,11.05,125900.0,0.2989977728285078,10.93667
0.14,1.302,10.89,2020-08-17 00:00:00,11.051,10.75,10.75,179600.0,0.46033653846153844,10.897
-0.11,-1.019,10.69,2020-08-18 00:00:00,10.92,10.66,10.8,332800.0,0.23335636950011518,10.75667
-0.4,-3.717,10.36,2020-08-19 00:00:00,10.83,10.35,10.76,434100.0,-1.7706683176216036,10.51333
0.18,1.736,10.55,2020-08-20 00:00:00,10.58,10.37,10.37,156677.0,0.30581745680106337,10.5
0.16,1.533,10.6,2020-08-21 00:00:00,10.79,10.42,10.44,225700.0,0.06270764119601328,10.60333
0.11,1.038,10.71,2020-08-24 00:00:00,10.74,10.52,10.6,240800.0,0.40572556762092793,10.65667
0.26,2.448,10.88,2020-08-25 00:00:00,10.97,10.62,10.62,405200.0,-0.025044270174550975,10.82333
-0.13,-1.182,10.87,2020-08-26 00:00:00,11.39,10.7,11.0,395300.0,0.42114511641528773,10.98667
-0.5,-4.472,10.68,2020-08-27 00:00:00,11.18,10.65,11.18,682900.0,-1.6885826771653543,10.83667
-0.13,-1.196,10.74,2020-08-28 00:00:00,10.88,10.65,10.87,254000.0,0.25073746312684364,10.75667
-0.12,-1.104,10.75,2020-08-31 00:00:00,11.2,10.67,10.87,339000.0,0.40306391970417327,10.87333
0.16,1.476,11.0,2020-09-01 00:00:00,11.62,10.74,10.84,567900.0,0.9876298495498694,11.12
0.37,2.711,14.02,2020-09-02 00:00:00,14.7,12.22,13.65,45908900.0,-5.555230316703316,13.64667
0.02,0.152,13.14,2020-09-03 00:00:00,13.77,12.8,13.12,7003400.0,-0.8298061347128599,13.23667
-0.61,-4.604,12.64,2020-09-04 00:00:00,13.42,12.0,13.25,3827400.0,-0.5556639434215339,12.68667
0.15,1.235,12.3,2020-09-08 00:00:00,12.6,12.05,12.15,2460300.0,0.35467540983606555,12.31667
0.33,2.629,12.88,2020-09-09 00:00:00,13.28,12.21,12.55,3812500.0,-0.15236972554709224,12.79
-0.89,-6.717,12.36,2020-09-10 00:00:00,13.25,12.24,13.25,3308400.0,-0.6765823747022753,12.61667
-0.53,-4.196,12.1,2020-09-11 00:00:00,12.63,12.02,12.63,1973300.0,0.15847157661307518,12.25
-0.08,-0.65,12.22,2020-09-14 00:00:00,12.69,12.2,12.3,2344900.0,-0.31080552294706243,12.37
-0.2,-1.581,12.45,2020-09-15 00:00:00,12.75,12.4,12.65,1788900.0,0.20341096317406598,12.53333
0.43,3.454,12.88,2020-09-16 00:00:00,13.15,12.447,12.45,2245700.0,-0.8405868371444963,12.82567
0.05,0.392,12.8,2020-09-17 00:00:00,13.115,12.51,12.75,1220100.0,-0.09691629955947137,12.80833
0.0,0.0,12.85,2020-09-18 00:00:00,13.1,12.51,12.85,1112300.0,0.17368694747789912,12.82
0.1,0.799,12.61,2020-09-21 00:00:00,12.7,12.31,12.51,1346100.0,0.07062966031483016,12.54
-0.61,-4.784,12.14,2020-09-22 00:00:00,12.75,12.1,12.75,1448400.0,0.35843373493975905,12.33
-0.77,-6.291,11.47,2020-09-23 00:00:00,12.25,11.04,12.24,2257600.0,0.036325607205361335,11.58667
0.47,4.234,11.57,2020-09-24 00:00:00,11.69,10.5,11.1,2342700.0,-1.5806345009914078,11.25333
0.38,3.287,11.94,2020-09-25 00:00:00,12.14,11.34,11.56,907800.0,-0.5659824046920822,11.80667
-0.16,-1.333,11.84,2020-09-28 00:00:00,12.0,11.66,12.0,579700.0,0.15433989788475566,11.83333
0.12,1.024,11.84,2020-09-29 00:00:00,12.01,11.7,11.72,685500.0,0.6446345256609642,11.85
0.35,2.964,12.16,2020-09-30 00:00:00,12.5,11.75,11.81,1929000.0,0.6421083879107219,12.13667
0.0,0.0,12.35,2020-10-01 00:00:00,12.77,12.055,12.35,5389900.0,-0.5817754952311078,12.39167
0.39,3.25,12.39,2020-10-02 00:00:00,12.97,11.96,12.0,3407500.0,-0.02155534236719031,12.44
-0.13,-1.041,12.36,2020-10-05 00:00:00,12.65,12.15,12.49,3335600.0,0.014156938081867888,12.38667
-0.75,-5.882,12.0,2020-10-06 00:00:00,13.0,11.81,12.75,3383500.0,-0.6365966914965657,12.27
-0.38,-3.069,12.0,2020-10-07 00:00:00,12.48,11.95,12.38,2067400.0,0.06061432206470375,12.14333
0.11,0.889,12.49,2020-10-08 00:00:00,12.6,12.01,12.38,2200800.0,0.7256954830990129,12.36667
0.6,4.615,13.6,2020-10-09 00:00:00,14.09,12.7,13.0,8023200.0,-0.8470463649339288,13.46333
0.05,0.36,13.95,2020-10-12 00:00:00,14.45,13.7,13.9,4343800.0,-1.1537012246516931,14.03333
-0.1,-0.714,13.9,2020-10-13 00:00:00,14.24,13.6,14.0,2016900.0,-0.9276498136289784,13.91333
-0.27,-1.915,13.83,2020-10-14 00:00:00,14.22,13.71,14.1,1046300.0,0.21366300916879602,13.92
0.22,1.62,13.8,2020-10-15 00:00:00,14.0,13.2,13.58,1330600.0,0.1778299555116164,13.66667
-0.34,-2.437,13.61,2020-10-16 00:00:00,13.98,13.26,13.95,1618400.0,0.1457827509764594,13.61667
-0.05,-0.36,13.85,2020-10-19 00:00:00,14.198,13.55,13.9,1894600.0,-0.31844119693806544,13.866
-0.71,-5.108,13.19,2020-10-20 00:00:00,13.99,13.05,13.9,1437000.0,0.40400647007589896,13.41
-0.7,-5.263,12.6,2020-10-21 00:00:00,13.33,12.4,13.3,2411100.0,-0.47296719408638277,12.77667
-0.01,-0.078,12.74,2020-10-22 00:00:00,12.87,12.09,12.75,1636900.0,-1.4279145654108574,12.56667
-0.33,-2.588,12.42,2020-10-23 00:00:00,12.754,12.26,12.75,674200.0,0.7253096479791395,12.478
-0.04,-0.322,12.4,2020-10-26 00:00:00,12.7,12.06,12.44,2454400.0,-0.8190172682131476,12.38667
-0.26,-2.117,12.02,2020-10-27 00:00:00,12.48,11.78,12.28,1349300.0,0.19545644266889273,12.09333
-0.45,-3.843,11.26,2020-10-28 00:00:00,11.85,11.085,11.71,1677100.0,-0.738287728026534,11.39833
-0.01,-0.088,11.29,2020-10-29 00:00:00,11.36,11.06,11.3,964800.0,0.5165121523427713,11.23667
0.38,3.408,11.53,2020-10-30 00:00:00,12.18,10.76,11.15,1995500.0,-0.3569291445668435,11.49
-0.34,-2.977,11.08,2020-11-02 00:00:00,11.62,10.93,11.42,1470600.0,-0.7726615236258437,11.21
0.32,2.888,11.4,2020-11-03 00:00:00,11.44,11.03,11.08,829600.0,0.17056588682263546,11.29
-0.2,-1.691,11.63,2020-11-04 00:00:00,12.08,11.58,11.83,1000200.0,0.5331621936989498,11.76333
0.39,3.242,12.42,2020-11-05 00:00:00,12.44,11.86,12.03,2142500.0,-0.2258267536331388,12.24
-0.2,-1.613,12.2,2020-11-06 00:00:00,12.84,12.03,12.4,1747800.0,-0.1255071157189774,12.35667
0.32,2.716,12.1,2020-11-09 00:00:00,12.19,11.25,11.78,1552900.0,-0.026846525160351783,11.84667
0.06,0.5,12.06,2020-11-10 00:00:00,12.09,11.62,12.0,1512300.0,-0.8107040229885057,11.92333
0.07,0.586,12.01,2020-11-11 00:00:00,12.1,11.75,11.94,835200.0,-0.07504183292573047,11.95333
0.06,0.502,12.01,2020-11-12 00:00:00,12.34,11.69,11.95,776900.0,0.5968135346930302,12.01333
0.64,5.311,12.69,2020-11-13 00:00:00,12.77,12.0,12.05,1926900.0,-0.125,12.48667
-0.13,-1.012,12.71,2020-11-16 00:00:00,13.08,12.36,12.84,1712800.0,0.27062130051526634,12.71667
0.49,3.846,13.23,2020-11-17 00:00:00,13.46,12.6,12.74,2348300.0,0.5422952481191283,13.09667
-0.1,-0.725,13.7,2020-11-18 00:00:00,14.289,13.42,13.8,5130600.0,-1.449909273230828,13.803
0.14,1.012,13.97,2020-11-19 00:00:00,13.97,13.101,13.83,2094200.0,-0.0991444916811001,13.68033
-0.25,-1.813,13.54,2020-11-20 00:00:00,14.29,13.31,13.79,1905300.0,0.1578412305516266,13.71333
-0.51,-3.696,13.29,2020-11-23 00:00:00,13.9,12.971,13.8,2262400.0,-0.2723693830493223,13.387
-0.4,-2.987,12.99,2020-11-24 00:00:00,13.43,12.91,13.39,1778100.0,-0.7516500837355925,13.11
-0.07,-0.536,12.98,2020-11-25 00:00:00,13.1,12.56,13.05,1015100.0,0.23670952703210768,12.88
-0.19,-1.435,13.05,2020-11-27 00:00:00,13.94,12.91,13.24,1329900.0,0.8193365212193664,13.3
1.5,10.714,15.5,2020-11-30 00:00:00,16.08,13.21,14.0,7361200.0,-0.4172779606846493,14.93
-0.76,-4.822,15.0,2020-12-01 00:00:00,16.73,14.32,15.76,5193900.0,-1.1884717481987106,15.35
0.85,5.732,15.68,2020-12-02 00:00:00,15.68,14.42,14.83,2373300.0,0.556060606060606,15.26
0.53,3.282,16.68,2020-12-03 00:00:00,17.68,16.02,16.15,5346000.0,-0.1530746500442163,16.79333
0.28,1.602,17.76,2020-12-04 00:00:00,18.25,16.57,17.48,4636300.0,-0.10141587874756497,17.52667
-0.15,-0.834,17.84,2020-12-07 00:00:00,18.6,17.110001,17.99,4209400.0,0.33589966080302913,17.85
1.3,7.108,19.59,2020-12-08 00:00:00,20.4,18.016001,18.290001,6338500.0,-0.2625739497639583,19.33533
-0.68,-3.482,18.85,2020-12-09 00:00:00,20.48,17.17,19.530001,5020300.0,-0.08100600762257489,18.83333
0.23,1.178,19.75,2020-12-10 00:00:00,21.27,19.1,19.52,4644100.0,-0.2613667227986311,20.04
-0.22,-1.116,19.5,2020-12-11 00:00:00,19.75,18.072001,19.719999,3681800.0,0.19166593483797312,19.10733
-0.16,-0.827,19.190001,2020-12-14 00:00:00,20.43,18.620001,19.35,4554800.0,0.2910486092735848,19.41333
-0.95,-5.013,18.0,2020-12-15 00:00:00,19.35,17.280001,18.950001,6424700.0,0.01654726916482978,18.21
-0.52,-2.857,17.68,2020-12-16 00:00:00,19.74,17.1,18.200001,6532800.0,0.5311611884598822,18.17333
4.84,27.054,22.73,2020-12-17 00:00:00,22.799999,16.5,17.889999,13934000.0,0.029800863389500068,20.67667
-1.93,-8.446,20.92,2020-12-18 00:00:00,23.870001,20.059999,22.85,14362000.0,-0.8616407637367622,21.61667
-0.81,-3.938,19.76,2020-12-21 00:00:00,21.68,19.226,20.57,7714700.0,-0.18629290195596016,20.222
-0.23,-1.138,19.98,2020-12-22 00:00:00,21.6,19.440001,20.209999,6503200.0,-0.4336860670194004,20.34
-1.21,-5.823,19.57,2020-12-23 00:00:00,20.872,19.389999,20.780001,4536000.0,-0.3097334911789334,19.944
-0.88,-4.422,19.02,2020-12-24 00:00:00,19.940001,18.299999,19.9,3463300.0,0.3157291604923636,19.08667
-0.54,-2.707,19.41,2020-12-28 00:00:00,20.9,18.870001,19.950001,5061300.0,-0.1700263535068658,19.72667
0.69,3.462,20.620001,2020-12-29 00:00:00,21.059999,19.030001,19.93,4325800.0,-0.07826910613689615,20.23667
-1.18,-5.77,19.27,2020-12-30 00:00:00,21.32,19.02,20.450001,4011800.0,0.19901768957393284,19.87
0.6,3.093,20.0,2020-12-31 00:00:00,20.35,17.83,19.4,5008600.0,-0.28745855075444054,19.39333
-1.7,-8.543,18.200001,2021-01-04 00:00:00,20.01,18.059999,19.9,3890300.0,0.70904943534515,18.75667
2.55,13.057,22.08,2021-01-05 00:00:00,22.4,19.200001,19.530001,13371000.0,-0.06511279632933979,21.22667
-0.57,-2.498,22.25,2021-01-06 00:00:00,24.690001,21.75,22.82,12553600.0,-0.8095279279279279,22.89667
-0.81,-3.511,22.26,2021-01-07 00:00:00,23.57,21.459999,23.07,6937500.0,-0.4945710715670645,22.43
-0.43,-1.949,21.629999,2021-01-08 00:00:00,22.6,20.799999,22.059999,4641800.0,0.240841292686118,21.67667
1.3,5.869,23.450001,2021-01-11 00:00:00,23.98,21.82,22.15,6114400.0,0.07105634979717719,23.08333
-0.5,-2.0,24.5,2021-01-12 00:00:00,25.610001,23.77,25.0,6582100.0,0.00010633772862611655,24.62667
0.01,0.038,26.309999,2021-01-13 00:00:00,27.49,25.67,26.299999,6582800.0,-0.4596008869179601,26.49
-1.12,-4.112,26.120001,2021-01-14 00:00:00,27.4,25.27,27.24,4510000.0,0.12379546161019583,26.26333
-1.75,-6.606,24.74,2021-01-15 00:00:00,26.75,24.129999,26.49,5147200.0,0.25316308763784096,25.20667
0.92,3.573,26.67,2021-01-19 00:00:00,27.23,25.35,25.75,6892000.0,0.22183205934490272,26.41667
0.74,2.648,28.690001,2021-01-20 00:00:00,29.940001,27.559999,27.950001,8856700.0,-0.35027137455787294,28.73
0.49,1.707,29.200001,2021-01-21 00:00:00,29.74,27.610001,28.709999,6559200.0,-0.7043966323666978,28.85
-0.42,-1.477,28.01,2021-01-22 00:00:00,29.290001,27.82,28.43,3848400.0,0.3035074383755022,28.37333
-0.28,-0.969,28.620001,2021-01-25 00:00:00,30.370001,27.16,28.9,5525400.0,-0.5227360414484925,28.71667
0.98,3.409,29.73,2021-01-26 00:00:00,29.82,28.610001,28.75,3628600.0,0.39340343369163644,29.38667
-1.04,-3.672,27.280001,2021-01-27 00:00:00,29.15,26.67,28.32,5981900.0,-0.4110584294576935,27.7
-0.89,-3.235,26.620001,2021-01-28 00:00:00,28.299999,25.57,27.51,4239300.0,0.24447969203899414,26.83
-0.32,-1.145,27.620001,2021-01-29 00:00:00,29.299999,26.42,27.940001,5611100.0,-0.9193747006909763,27.78
-0.68,-2.427,27.34,2021-02-01 00:00:00,28.450001,27.0,28.02,2923400.0,0.3868708053691275,27.59667
1.1,3.963,28.860001,2021-02-02 00:00:00,29.34,27.610001,27.76,4768000.0,0.11195544877167496,28.60333
2.27,7.828,31.27,2021-02-03 00:00:00,31.9,29.0,29.0,5369100.0,0.7459905191745437,30.72333
1.54,4.112,38.990002,2021-02-04 00:00:00,39.490002,35.009998,37.450001,21137400.0,-0.25199312918320205,37.83
6.26,16.711,43.720001,2021-02-05 00:00:00,46.298,37.195,37.459999,16883000.0,-1.7180230218143766,42.40433
-1.2,-2.727,42.799999,2021-02-08 00:00:00,45.549999,40.619999,44.0,6211500.0,0.025616489929095813,42.99
0.88,2.152,41.779999,2021-02-09 00:00:00,42.34,39.540001,40.900002,6374800.0,-0.08391001989356095,41.22
-2.84,-6.611,40.119999,2021-02-10 00:00:00,43.77,38.169998,42.959999,5881300.0,0.15062894444203745,40.68667
-2.52,-6.3,37.48,2021-02-11 00:00:00,40.189999,36.599998,40.0,6924300.0,-0.7946970089679125,38.09
-1.4,-3.632,37.150002,2021-02-12 00:00:00,38.75,36.110001,38.549999,3858200.0,0.19642596796700892,37.33667
-0.32,-0.798,39.790001,2021-02-16 00:00:00,40.189999,38.66,40.110001,4801300.0,0.04392759712459428,39.54667
-0.48,-1.244,38.119999,2021-02-17 00:00:00,38.904999,36.450001,38.599998,5021900.0,0.044084895783763206,37.825
-0.49,-1.341,36.040001,2021-02-18 00:00:00,37.299999,34.66,36.529999,5253500.0,-0.42715492651653036,36.0
-1.12,-3.022,35.939999,2021-02-19 00:00:00,37.195,35.251999,37.060001,3681100.0,0.4708478279619354,36.129
-2.6,-7.452,32.290001,2021-02-22 00:00:00,35.970001,32.0,34.889999,6956600.0,0.10954380216066766,33.42
1.15,3.858,30.959999,2021-02-23 00:00:00,32.27,27.549999,29.809999,7812400.0,-1.0108620112738411,30.26
1.24,3.91,32.950001,2021-02-24 00:00:00,33.75,31.0,31.709999,3885100.0,0.3447956017269293,32.56667
-2.9,-8.775,30.15,2021-02-25 00:00:00,33.43,29.0,33.049999,5929600.0,-0.19944979367262725,30.86
0.31,0.99,31.610001,2021-02-26 00:00:00,32.66,29.85,31.299999,4943600.0,-0.1418672333348732,31.37333
0.31,0.914,34.220001,2021-03-01 00:00:00,35.240002,32.509998,33.91,4329400.0,-0.0044778543421266324,33.99
-1.05,-3.07,33.150002,2021-03-02 00:00:00,36.5,32.959999,34.200001,4310100.0,0.1386518515557865,34.20333
-2.56,-7.758,30.440001,2021-03-03 00:00:00,33.360001,29.57,33.0,5003900.0,0.7374948195634269,31.12333
-0.82,-2.813,28.33,2021-03-04 00:00:00,30.297001,25.791,29.15,19062100.0,-0.6739201067818787,28.13933
-1.72,-5.896,27.450001,2021-03-05 00:00:00,29.334999,24.110001,29.17,11387700.0,0.4015135987386677,26.965
-4.14,-14.481,24.450001,2021-03-08 00:00:00,28.799999,23.09,28.59,19027500.0,-0.4019053092259405,25.44667
0.25,0.996,25.360001,2021-03-09 00:00:00,26.16,24.57,25.110001,13572600.0,7.367730812587031e-06,25.36333
-1.8,-6.545,25.700001,2021-03-10 00:00:00,27.6,25.07,27.5,13572700.0,0.4000433191293739,26.12333
1.25,4.712,27.780001,2021-03-11 00:00:00,29.15,24.51,26.530001,22622800.0,-0.8546775211720242,27.14667
2.36,8.754,29.32,2021-03-12 00:00:00,29.49,26.559999,26.959999,12197700.0,-0.12182358297081788,28.45667
2.03,6.9,31.450001,2021-03-15 00:00:00,31.950001,29.02,29.42,10873100.0,0.0921834819490365,30.80667
-1.48,-4.601,30.690001,2021-03-16 00:00:00,32.869999,29.32,32.169998,11977200.0,0.5121939299154489,30.96
-0.6699999999999982,-0.022325891369543424,30.68,32.87,29.32,32.43,6736896,-164.73745325723283,30.68,2021-03-16 12:00:00
-0.6900000000000013,-0.02353342428376539,30.01,30.69,30.01,30.69,40648,0.9964253241616621,30.009999999999998,2021-03-16 16:00:00
2.37,8.778,29.370001,2021-03-17 00:00:00,29.620001,26.254999,27.0,24553200.0,-0.4938035007026958,28.415
0.28000000000000114,0.009459459459459498,29.32,29.62,26.26,26.37,11371101,-77.05211894073555,29.32,2021-03-17 12:00:00
-2.900000000000002,-0.10861423220973791,29.6,29.6,28.8,29.25,145686,0.9829892896954814,29.600000000000005,2021-03-17 16:00:00
-1.35,-4.804,26.75,2021-03-18 00:00:00,28.59,26.02,28.1,16436700.0,0.7503664002259911,27.12
-0.5,-0.019083969465648856,26.7,28.05,26.02,27.86,8564369,-23.741570923840037,26.7,2021-03-18 12:00:00
-0.4499999999999993,-0.01747572815533978,26.2,26.86,26.01,26.53,346153,0.9872606957244925,26.2,2021-03-18 16:00:00
1.73,7.208,25.73,2021-03-19 00:00:00,27.219999,23.65,24.0,65843300.0,-4.467622733010031,25.53333
0.1999999999999993,0.007707129094412304,25.75,27.22,24.0,24.29,27172049,-22.151728239485163,25.75,2021-03-19 12:00:00
-0.9399999999999977,-0.03758496601359447,25.95,26.11,25.6,25.68,1173651,0.7932742363359697,25.95,2021-03-19 16:00:00
-1.16,-4.479,24.74,2021-03-22 00:00:00,26.549999,24.74,25.9,12042400.0,0.11847036776762708,25.34333
0.00999999999999801,0.0003996802557952842,25.01,26.48,25.0,25.69,5677333,-21.830149149298084,25.01,2021-03-22 12:00:00
-1.75,-0.07520412548345509,25.02,25.24,24.8,25.0,248677,0.9618612920110957,25.02,2021-03-22 16:00:00
-1.7,-6.816,23.24,2021-03-23 00:00:00,25.24,23.23,24.940001,13660800.0,0.3549593449868261,23.90333
0.030000000000001137,0.0012875536480687184,23.27,24.29,23.23,24.03,6520331,-31.34002420418812,23.27,2021-03-23 12:00:00
-3.3100000000000023,-0.16558279139569798,23.3,23.8,23.2,23.3,201618,0.9813630716166342,23.3,2021-03-23 16:00:00
-3.46,-14.755,19.99,2021-03-24 00:00:00,23.629999,19.9,23.450001,21178200.0,0.10935883525522949,21.17333
0.0,0.0,19.99,21.99,19.9,21.56,10818199,-39.08091245567951,19.99,2021-03-24 12:00:00
-0.639999999999997,-0.03307493540051664,19.99,20.15,19.8,20.0,269909,0.9723478089109826,19.99,2021-03-24 16:00:00
0.41,2.166,19.34,2021-03-25 00:00:00,19.77,18.452,18.93,23778600.0,0.005853185387104596,19.18733
0.4299999999999997,0.021739130434782594,19.35,19.63,18.65,19.31,9760854,-54.91209508807103,19.35,2021-03-25 12:00:00
-1.1900000000000013,-0.06401291016675639,19.78,19.8,19.34,19.4,174575,0.9860288686828899,19.78,2021-03-25 16:00:00
-1.45,-7.232,18.6,2021-03-26 00:00:00,20.469999,17.67,20.049999,23918600.0,-0.433607844547536,18.91333
0.10000000000000142,0.005350454788657111,18.59,18.8,17.67,18.73,12495409,-15.531380149763184,18.59,2021-03-26 12:00:00
-0.6900000000000013,-0.03833333333333341,18.69,18.83,18.34,18.61,755860,0.9180302446339449,18.69,2021-03-26 16:00:00
-0.8,-4.255,18.0,2021-03-29 00:00:00,19.59,17.84,18.799999,16684200.0,-0.13904761904761906,18.47667
0.3000000000000007,0.01639344262295086,18.0,18.43,17.84,18.24,9221206,-55.49625654033256,18.0,2021-03-29 12:00:00
-0.14000000000000057,-0.007709251101321617,18.3,18.35,17.92,17.99,163218,0.9698002875687305,18.3,2021-03-29 16:00:00
0.36,2.026,18.129999,2021-03-30 00:00:00,18.5,16.76,17.77,14647500.0,-0.14859831405606744,17.79667
0.3200000000000003,0.01731601731601733,18.16,18.3,17.6,18.0,5404621,-24.069559570471043,18.16,2021-03-30 12:00:00
0.5599999999999987,0.029411764705882287,18.48,18.52,18.13,18.13,215585,0.956668866203002,18.48,2021-03-30 16:00:00
0.23,1.223,19.040001,2021-03-31 00:00:00,19.43,18.15,18.809999,12752500.0,0.08106647450909746,18.87333
0.26000000000000156,0.013471502590673656,19.04,19.27,18.6,18.96,4975291,-33.55567131317762,19.04,2021-03-31 12:00:00
-0.5399999999999991,-0.028784648187633214,19.3,19.3,18.85,19.04,143979,0.977613969676498,19.3,2021-03-31 16:00:00
-1.05,-5.303,18.75,2021-04-01 00:00:00,20.26,18.4,19.799999,13877500.0,-0.35570122308624125,19.13667
0.0799999999999983,0.004246284501061481,18.76,19.11,18.4,18.88,6431645,-33.676053224641194,18.76,2021-04-01 12:00:00
-0.05999999999999872,-0.00319488817891367,18.84,18.96,18.75,18.76,185478,0.9480893931112191,18.84,2021-04-01 16:00:00
-0.84,-4.286,18.76,2021-04-05 00:00:00,19.66,18.35,19.6,10236400.0,-0.16763243144590956,18.92333
0.16999999999999815,0.008970976253298056,18.78,18.94,18.35,18.47,3573027,-42.89629838937553,18.78,2021-04-05 12:00:00
0.060000000000002274,0.003156233561283654,18.95,19.0,18.74,18.81,81397,0.9817241867075605,18.95,2021-04-05 16:00:00
0.23,1.223,19.030001,2021-04-06 00:00:00,19.549999,18.68,18.799999,8766800.0,0.2037709801642084,19.08667
0.08999999999999986,0.004712041884816746,19.01,19.55,18.94,19.37,4453810,-72.86943757981855,19.01,2021-04-06 12:00:00
-1.1900000000000013,-0.06644332774986049,19.1,19.19,19.0,19.14,60293,0.9916131018280692,19.1,2021-04-06 16:00:00
-1.33,-6.913,17.91,2021-04-07 00:00:00,19.299999,17.805,19.24,11010400.0,0.5062069460390356,18.33833
0.14000000000000057,0.007756232686980641,17.91,18.49,17.81,18.32,7188951,-54.879914496696465,17.91,2021-04-07 12:00:00
-0.7600000000000016,-0.04395604395604405,18.05,18.1,17.92,17.92,128650,0.9879626586982867,18.05,2021-04-07 16:00:00
-0.81,-4.478,17.280001,2021-04-08 00:00:00,18.200001,16.83,18.09,22297600.0,-1.0313758358690306,17.43667
0.16000000000000014,0.009169054441260753,17.29,17.35,16.83,17.34,10687576,-57.48354811349148,17.29,2021-04-08 12:00:00
-0.16999999999999815,-0.009837962962962856,17.45,17.45,17.25,17.3,182745,0.9576616252310719,17.45,2021-04-08 16:00:00
0.14,0.818,17.26,2021-04-09 00:00:00,17.860001,16.940001,17.120001,10976600.0,0.31303939668930125,17.35333
-0.030000000000001137,-0.0017391304347826747,17.28,17.56,17.01,17.55,4316297,-42.50667271444411,17.28,2021-04-09 12:00:00
-1.3699999999999992,-0.08627204030226696,17.25,17.38,17.01,17.26,99210,0.9896506885718921,17.25,2021-04-09 16:00:00
-1.16,-6.812,15.87,2021-04-12 00:00:00,17.17,15.8,17.030001,15978500.0,-0.4094365252981441,16.28
0.16999999999999993,0.010591900311526474,15.88,16.48,15.8,16.43,9586145,-37.85277428768289,15.879999999999999,2021-04-12 12:00:00
0.3099999999999987,0.018948655256723637,16.05,16.18,15.83,15.92,246730,0.9447329292107514,16.05,2021-04-12 16:00:00
0.42,2.633,16.370001,2021-04-13 00:00:00,16.74,15.85,15.95,11336800.0,0.14561116595949927,16.32
-0.030000000000001137,-0.0018371096142070509,16.36,16.37,15.85,16.07,4464322,-48.52928385199978,16.36,2021-04-13 12:00:00
-0.6199999999999974,-0.03946530872055999,16.33,16.59,16.31,16.37,90135,0.9880953387244955,16.33,2021-04-13 16:00:00
-0.75,-4.554,15.72,2021-04-14 00:00:00,16.938999,15.55,16.469999,13268900.0,0.09135744236523584,16.06967
0.02999999999999936,0.0019059720457432884,15.71,16.23,15.55,16.02,7571404,-41.96465861630652,15.71,2021-04-14 12:00:00
-0.620000000000001,-0.04100529100529107,15.74,15.84,15.7,15.77,176224,0.9788186885072899,15.740000000000002,2021-04-14 16:00:00
-0.72,-4.551,15.1,2021-04-15 00:00:00,15.9,14.66,15.82,14602992.0,0.03274084289299603,15.22
-0.11999999999999922,-0.007999999999999948,15.12,15.43,14.66,15.2,8319787,-69.38915539311489,15.12,2021-04-15 12:00:00
0.08999999999999986,0.0059642147117296125,15.0,15.24,14.98,15.13,118197,0.9823993457512923,15.0,2021-04-15 16:00:00
0.08,0.532,15.11,2021-04-16 00:00:00,15.73,14.56,15.03,15097290.0,0.27912962052826745,15.13333
-0.1899999999999995,-0.01275167785234896,15.09,15.12,14.65,14.92,6715489,-17.681743576618782,15.090000000000002,2021-04-16 12:00:00
-0.7900000000000009,-0.05598866052445081,14.9,15.14,14.86,15.11,359468,0.9585037629874871,14.9,2021-04-16 16:00:00
-0.74,-4.983,14.11,2021-04-19 00:00:00,14.98,13.5,14.85,20943141.0,0.22100604812590224,14.19667
-0.2400000000000002,-0.017303532804614292,14.11,14.26,13.5,13.58,8662665,-28.083008796078694,14.11,2021-04-19 12:00:00
-1.3199999999999985,-0.10517928286852578,13.87,14.15,13.65,14.11,297860,0.9791615814167144,13.87,2021-04-19 16:00:00
-1.23,-8.926,12.55,2021-04-20 00:00:00,13.94,12.45,13.78,26884857.0,0.7081139086834527,12.98
-0.030000000000001137,-0.0023961661341853945,12.55,13.03,12.45,13.0,14293791,-43.3449331744909,12.55,2021-04-20 12:00:00
4.199999999999999,0.2511961722488038,12.52,12.74,12.5,12.55,322332,0.9945162080323366,12.52,2021-04-20 16:00:00
4.06,31.969,16.76,2021-04-21 00:00:00,16.84,12.4,12.7,92107359.0,0.2469535142300802,15.33333
0.6000000000000014,0.03464203233256359,16.72,16.84,15.22,15.64,58779035,-25.897134845265718,16.72,2021-04-21 12:00:00
-0.6900000000000013,-0.041491280817799236,17.32,17.4,16.56,16.79,2185327,0.9365555190848732,17.32,2021-04-21 16:00:00
-2.87,-14.763,16.57,2021-04-22 00:00:00,19.55,16.0,19.44,122312979.0,-0.8635216694212272,17.37333
1.1400000000000006,0.06415306696679801,16.63,17.12,16.0,17.08,34444714,-10.8508843939983,16.63,2021-04-22 12:00:00
0.379999999999999,0.020936639118457247,17.77,18.02,16.41,16.57,2906510,0.919361365296031,17.77,2021-04-22 16:00:00
0.65,3.71,18.17,2021-04-23 00:00:00,18.87,16.48,17.52,65635394.0,-0.21100905886904148,17.84
-0.129999999999999,-0.007214206437291843,18.15,18.87,16.92,17.15,36043641,-37.65079148910617,18.15,2021-04-23 12:00:00
3.150000000000002,0.1487954652810582,18.02,18.42,17.94,18.16,932546,0.973349523830209,18.02,2021-04-23 16:00:00
3.14,17.425,21.16,2021-04-26 00:00:00,21.3,17.73,18.02,54198929.0,-0.26037886109404024,20.06333
0.36999999999999744,0.017177344475394495,21.17,21.3,18.65,18.94,34991720,-14.583326170729459,21.17,2021-04-26 12:00:00
-1.6400000000000006,-0.08241206030150758,21.54,21.75,20.5,21.12,2245459,0.8804574334181531,21.54,2021-04-26 16:00:00
-0.76,-3.679,19.9,2021-04-27 00:00:00,21.69,19.32,20.66,43002093.0,-0.6589893789725075,20.30333
-0.11999999999999744,-0.006066734074822924,19.9,21.69,19.72,21.44,18783761,-57.31003365038369,19.9,2021-04-27 12:00:00
-1.1799999999999997,-0.06344086021505374,19.78,19.99,19.65,19.9,322136,0.9747757595594355,19.78,2021-04-27 16:00:00
-0.68,-3.525,18.61,2021-04-28 00:00:00,20.34,18.52,19.29,25920656.0,-0.34027646535641065,19.15667
0.17999999999999972,0.009584664536741198,18.6,19.08,18.52,18.93,12770890,-24.767087412333442,18.6,2021-04-28 12:00:00
-0.8200000000000003,-0.04565701559020046,18.78,18.82,18.6,18.64,495628,0.9392945211746165,18.78,2021-04-28 16:00:00
-0.85,-4.526,17.93,2021-04-29 00:00:00,19.35,17.44,18.78,19339783.0,-0.661269598734466,18.24
0.11999999999999744,0.00663716814159278,17.96,18.15,17.44,17.75,8164469,-29.450120465751176,17.96,2021-04-29 12:00:00
-0.5399999999999991,-0.03078677309007977,18.08,18.08,17.8,17.86,268126,0.9479948135627081,18.08,2021-04-29 16:00:00
0.18,1.038,17.52,2021-04-30 00:00:00,18.34,17.22,17.34,11641568.0,0.4454194505694951,17.69333
0.22000000000000242,0.012387387387387523,17.54,17.86,17.22,17.67,5155755,-49.82566048895899,17.54,2021-04-30 12:00:00
-1.240000000000002,-0.07506053268765145,17.76,17.77,17.46,17.52,101440,0.9886003681730461,17.76,2021-04-30 16:00:00
-1.28,-7.191,16.52,2021-05-03 00:00:00,17.87,16.47,17.8,20991663.0,0.286193061489307,16.95333
0.030000000000001137,0.0018126888217523344,16.52,17.01,16.47,16.64,8898533,-22.672670052327884,16.52,2021-05-03 12:00:00
0.39000000000000057,0.023022432113341235,16.55,16.6,16.4,16.52,375899,0.9680715152395428,16.55,2021-05-03 16:00:00
0.4,2.415,16.96,2021-05-04 00:00:00,17.65,16.11,16.56,29408040.0,-0.2938059038613067,16.90667
-0.240000000000002,-0.01437125748503006,16.94,17.54,16.56,17.02,11773155,-1.3644420156999453,16.94,2021-05-04 12:00:00
-1.2399999999999984,-0.08020698576972822,16.7,17.85,14.66,16.9,4979253,0.7597265741452679,16.7,2021-05-04 16:00:00
-1.04,-6.295,15.48,2021-05-05 00:00:00,16.65,15.2,16.52,22729870.0,0.20580848372598637,15.77667
-0.13000000000000078,-0.008480104370515381,15.46,16.45,15.2,16.45,20723278,-33.421076584746835,15.459999999999999,2021-05-05 12:00:00
0.03999999999999915,0.0026024723487312394,15.33,15.54,15.2,15.48,602052,0.9562745947778509,15.33,2021-05-05 16:00:00
0.0,0.0,15.41,2021-05-06 00:00:00,16.05,14.6,15.41,28620137.0,-0.10595346740449614,15.35333
0.0600000000000005,0.0038885288399222616,15.37,16.05,14.82,15.93,13768929,-66.99370379698078,15.37,2021-05-06 12:00:00
0.2699999999999996,0.017197452229299335,15.43,15.45,15.1,15.35,202503,0.9789253196201119,15.43,2021-05-06 16:00:00
-0.17,-1.071,15.71,2021-05-07 00:00:00,16.65,15.43,15.88,25878247.0,-0.5663453000011682,15.93
0.0,0.0,15.7,16.05,15.43,15.92,9608829,-47.10066327935324,15.699999999999998,2021-05-07 12:00:00
-1.299999999999999,-0.0902777777777777,15.7,15.74,15.65,15.71,199765,0.973038999347586,15.7,2021-05-07 16:00:00
-1.09,-7.032,14.41,2021-05-10 00:00:00,15.64,14.34,15.5,16521419.0,0.0893792321006597,14.79667
-0.13000000000000078,-0.009110021023125492,14.4,14.95,14.34,14.75,7409406,-16.383994181408664,14.4,2021-05-10 12:00:00
0.3000000000000007,0.020590253946465388,14.27,14.5,14.14,14.5,426220,0.9358186309380039,14.27,2021-05-10 16:00:00
1.2,8.935,14.63,2021-05-11 00:00:00,14.87,13.4,13.43,18143029.0,-0.28673489998476603,14.3
0.2599999999999998,0.017532029669588656,14.57,14.87,14.18,14.36,6640868,-47.09017176954494,14.57,2021-05-11 12:00:00
-0.9600000000000009,-0.06921413121845717,14.83,14.83,14.51,14.69,138092,0.9812290964501091,14.83,2021-05-11 16:00:00
-0.47,-3.275,13.88,2021-05-12 00:00:00,15.07,13.55,14.35,14100052.0,0.3870128411206616,14.16667
-0.02999999999999936,-0.002167630057803422,13.87,14.13,13.55,13.76,7356705,-29.09591232275959,13.87,2021-05-12 12:00:00
-0.09999999999999964,-0.007278020378457034,13.84,13.89,13.66,13.88,244442,0.9803959859738293,13.84,2021-05-12 16:00:00
-0.25,-1.788,13.73,2021-05-13 00:00:00,14.95,12.72,13.98,23002198.0,-0.07290509759868069,13.8
-0.08999999999999986,-0.006593406593406583,13.74,13.98,12.72,13.33,12468977,-91.4710179320983,13.739999999999998,2021-05-13 12:00:00
1.75,0.11363636363636363,13.65,13.77,13.53,13.74,134842,0.9880586372081996,13.65,2021-05-13 16:00:00
1.32,9.368,15.41,2021-05-14 00:00:00,16.13,13.82,14.09,21439173.0,-1.1089643788668502,15.12
0.0,0.0,15.4,16.13,15.11,15.66,11292011,-69.02276419739306,15.4,2021-05-14 12:00:00
0.25,0.01597444089456869,15.4,15.47,15.3,15.3,161262,0.9653285746535804,15.400000000000002,2021-05-14 16:00:00
0.71,4.743,15.68,2021-05-17 00:00:00,15.88,14.65,14.97,10165735.0,0.255120102008561,15.40333
0.009999999999999787,0.0006385696040868318,15.65,15.69,14.91,15.28,4651150,-60.10768058438658,15.65,2021-05-17 12:00:00
0.6799999999999997,0.04161566707466339,15.66,15.68,15.56,15.68,76114,0.9866576729161313,15.66,2021-05-17 16:00:00
0.65,4.145,16.33,2021-05-18 00:00:00,16.85,15.49,15.68,13647482.0,-0.0987116537252392,16.22333
-0.120000000000001,-0.007398273736128298,16.34,16.85,16.06,16.2,5704702,-26.73797067060837,16.34,2021-05-18 12:00:00
-1.0599999999999987,-0.0699208443271767,16.22,16.33,16.13,16.33,205664,0.9653345815293176,16.22,2021-05-18 16:00:00
-0.34,-2.194,15.16,2021-05-19 00:00:00,15.9,14.93,15.5,12421350.0,-0.23019911609599025,15.33
0.03999999999999915,0.002631578947368365,15.16,15.41,14.93,15.29,5932829,-34.3797423817759,15.16,2021-05-19 12:00:00
0.5800000000000001,0.0367553865652725,15.2,15.34,15.14,15.16,167690,0.9590438201083633,15.2,2021-05-19 16:00:00
0.4,2.597,15.8,2021-05-20 00:00:00,16.32,15.35,15.4,10097024.0,-0.17523481070523814,15.82333
-0.02999999999999936,-0.0019047619047618642,15.78,15.81,15.35,15.65,4094376,-84.23557332000999,15.779999999999998,2021-05-20 12:00:00
-0.5299999999999994,-0.03482260183968458,15.75,15.8,15.53,15.79,48036,0.9875391056670143,15.75,2021-05-20 16:00:00
-0.66,-4.159,15.21,2021-05-21 00:00:00,15.94,15.21,15.87,8591495.0,0.10337236133128644,15.45333
0.05999999999999872,0.003926701570680545,15.22,15.62,15.21,15.53,3854940,-35.3680446800883,15.22,2021-05-21 12:00:00
1.0900000000000016,0.06658521686011006,15.28,15.33,15.21,15.22,105998,0.9803013577452434,15.28,2021-05-21 16:00:00
1.02,6.654,16.35,2021-05-24 00:00:00,16.5,15.13,15.33,9582010.0,-0.132119053619404,15.99333
0.029999999999997584,0.0018292682926827797,16.37,16.5,15.74,15.76,5380980,-35.77994832606526,16.37,2021-05-24 12:00:00
-0.389999999999997,-0.024359775140536975,16.4,16.4,16.18,16.29,146302,0.9538156641993267,16.4,2021-05-24 16:00:00
-0.22,-1.354,16.03,2021-05-25 00:00:00,16.64,15.66,16.25,8463783.0,0.2840231991228721,16.11
0.0,0.0,16.01,16.05,15.68,15.83,3167784,-23.22538485657258,16.01,2021-05-25 12:00:00
0.9100000000000001,0.053782505910165486,16.01,16.1,15.86,16.03,130763,0.9702054921711464,16.01,2021-05-25 16:00:00
0.94,5.875,16.94,2021-05-26 00:00:00,17.26,15.8,16.0,11821309.0,-0.1411836335704068,16.66667
0.14999999999999858,0.00878734622144104,16.92,17.26,16.78,17.07,4388829,-38.34334660068847,16.92,2021-05-26 12:00:00
0.1999999999999993,0.011580775911986063,17.07,17.12,16.85,16.94,111552,0.9742138068199155,17.07,2021-05-26 16:00:00
0.27,1.584,17.32,2021-05-27 00:00:00,17.36,16.42,17.05,10358814.0,0.029440278024115175,17.03333
0.10000000000000142,0.005757052389176823,17.27,17.36,16.72,16.86,4326036,-7.287822213707553,17.27,2021-05-27 12:00:00
-0.39000000000000057,-0.02296819787985869,17.37,17.38,17.2,17.36,521975,0.8609840880412359,17.37,2021-05-27 16:00:00
-0.11,-0.643,16.99,2021-05-28 00:00:00,18.36,16.88,17.1,10673031.0,-0.33801279163090664,17.41
0.129999999999999,0.007597895967270544,16.98,17.55,16.88,17.24,3754786,-23.703677143026322,16.98,2021-05-28 12:00:00
-0.120000000000001,-0.0070629782224838735,17.11,17.23,16.88,16.99,151993,0.9548916608052803,17.11,2021-05-28 16:00:00
-0.17,-0.991,16.99,2021-06-01 00:00:00,17.59,16.4,17.16,7976778.0,0.8568011620091401,16.99333
-0.09999999999999787,-0.005920663114268671,16.99,17.18,16.67,16.71,3369510,-54.246925725528776,16.99,2021-06-01 12:00:00
4.649999999999999,0.21587743732590522,16.89,17.1,16.89,17.1,60990,0.9983388655909121,16.89,2021-06-01 16:00:00
3.6,20.056,21.55,2021-06-02 00:00:00,23.0,17.61,17.95,55704209.0,-2.2297752924624654,20.72
-0.129999999999999,-0.006071929005137739,21.54,23.0,19.67,19.67,36715873,-57.065427418755405,21.54,2021-06-02 12:00:00
-0.19000000000000128,-0.008953817153628713,21.41,21.55,20.88,21.38,632319,0.9170037018413126,21.41,2021-06-02 16:00:00
0.89,4.376,21.23,2021-06-03 00:00:00,21.29,19.31,20.34,17247085.0,-0.9160408948901162,20.61
-0.25,-0.011921793037672867,21.22,21.29,19.96,19.97,7618641,-59.861487458060395,21.22,2021-06-03 12:00:00
-0.6600000000000001,-0.032496307237813896,20.97,21.24,20.82,21.22,125180,0.9704862437320402,20.969999999999995,2021-06-03 16:00:00
-0.89,-4.198,20.31,2021-06-04 00:00:00,21.47,20.05,21.2,9001418.0,0.5982745306588523,20.61
0.0,0.0,20.31,20.65,20.05,20.35,4241412,-59.681755751402086,20.31,2021-06-04 12:00:00
1.7300000000000004,0.07849364791288568,20.31,20.41,20.12,20.31,69896,0.9947085488928159,20.31,2021-06-04 16:00:00
1.67,8.182,22.08,2021-06-07 00:00:00,22.81,19.66,20.41,22406889.0,-0.20480851477512174,21.51667
0.16000000000000014,0.007207207207207214,22.04,22.81,21.71,22.32,13209231,-71.82467582587218,22.04,2021-06-07 12:00:00
0.9000000000000021,0.03896103896103905,22.2,22.36,21.95,22.01,181384,0.967245548234011,22.2,2021-06-07 16:00:00
0.65,2.897,23.09,2021-06-08 00:00:00,24.48,22.32,22.44,18597884.0,-0.05751716983485957,23.29667
0.2699999999999996,0.011553273427471098,23.1,23.28,22.41,23.14,5537690,-43.64150973816587,23.1,2021-06-08 12:00:00
-1.0199999999999996,-0.04563758389261743,23.37,23.38,22.9,23.05,124048,0.9817575477984218,23.37,2021-06-08 16:00:00
-1.65,-6.875,22.35,2021-06-09 00:00:00,24.88,22.32,24.0,17586366.0,-0.48696950237106074,23.18333
-0.17999999999999972,-0.008119079837618389,22.35,24.27,22.32,23.44,6799963,-29.763773649779676,22.35,2021-06-09 12:00:00
-0.8800000000000026,-0.04133395960544869,22.17,22.44,22.0,22.35,221038,0.9627244454232983,22.169999999999998,2021-06-09 16:00:00
-0.75,-3.401,21.3,2021-06-10 00:00:00,22.67,20.63,22.05,11826985.0,-0.5372789646886821,21.53333
0.19000000000000128,0.008845437616387397,21.29,22.05,20.63,21.03,5929838,-30.797253457308475,21.29,2021-06-10 12:00:00
0.019999999999999574,0.0009302325581395151,21.48,22.19,21.22,21.3,186489,0.9489674535446452,21.48,2021-06-10 16:00:00
-0.01,-0.047,21.48,2021-06-11 00:00:00,21.79,20.74,21.49,7693454.0,0.5783922243301063,21.33667
-0.05000000000000071,-0.0023310023310023644,21.5,21.65,20.88,21.22,3654315,-50.18231603126138,21.5,2021-06-11 12:00:00
-1.629999999999999,-0.08224016145307765,21.45,21.5,21.27,21.48,71398,0.9875858689848243,21.45,2021-06-11 16:00:00
-0.72,-3.505,19.82,2021-06-14 00:00:00,20.8,19.45,20.54,18247894.0,-0.30999596331099816,20.02333
0.17999999999999972,0.008999999999999985,19.82,20.28,19.81,20.0,5751349,-54.208003762862845,19.82,2021-06-14 12:00:00
-1.2300000000000004,-0.06553010122535964,20.0,20.0,19.82,19.86,104176,0.979479389172234,20.0,2021-06-14 16:00:00
-1.01,-5.101,18.79,2021-06-15 00:00:00,20.21,18.46,19.8,13929733.0,0.0,19.15333
-0.17999999999999972,-0.009682625067240437,18.77,19.16,18.64,18.66,5076652,-45.160194218896336,18.77,2021-06-15 12:00:00
0.5800000000000018,0.030255607720396545,18.59,18.83,18.59,18.82,109979,0.9848042538527881,18.59,2021-06-15 16:00:00
-0.1700000000000017,-0.008947368421052721,19.17,19.57,18.29,19.03,7237486,-36.00411072367143,19.17,2021-06-16 12:00:00
0.0,0.0,19.0,19.22,18.88,19.15,195586,0.0,19.0,2021-06-16 16:00:00
